P,urn:nasa:pds:apollo_seismic_event_catalog:data:gagnepian_2006_catalog::1.0
P,urn:nasa:pds:apollo_seismic_event_catalog:data:levent.1008weber::1.0
P,urn:nasa:pds:apollo_seismic_event_catalog:data:lognonne_2003_catalog::1.0
P,urn:nasa:pds:apollo_seismic_event_catalog:data:nakamura_1979_sm_locations::1.0
P,urn:nasa:pds:apollo_seismic_event_catalog:data:nakamura_1983_ai_arrivals::1.0
P,urn:nasa:pds:apollo_seismic_event_catalog:data:nakamura_1983_ai_locations::1.0
P,urn:nasa:pds:apollo_seismic_event_catalog:data:nakamura_1983_m_arrivals::1.0
P,urn:nasa:pds:apollo_seismic_event_catalog:data:nakamura_1983_sm_arrivals::1.0
P,urn:nasa:pds:apollo_seismic_event_catalog:data:nakamura_2005_dm_arrivals::1.0
P,urn:nasa:pds:apollo_seismic_event_catalog:data:nakamura_2005_dm_locations::1.0
P,urn:nasa:pds:apollo_seismic_event_catalog:data:weber_2011_dmq_s_picks::1.0
